RT,113050
the,65337
to,53764
a,41459
and,37416
of,33956
I,32824
is,30908
you,28322
in,28271
for,26160
on,17538
this,17029
that,15489
my,15054
with,13577
are,13236
be,12606
it,11507
your,11057
have,10547
me,10392
i,10019
The,9743
at,9344
so,9068
not,8944
was,8448
like,8114
just,7676
but,7623
all,7518
will,7466
from,7386
-,7011
we,7001
as,6917
about,6795
&amp;,6209
by,6209
who,6202
he,6152
can,6115
they,5871
has,5815
when,5676
This,5641
his,5575
do,5490
get,5437
if,5423
up,5386
one,5168
out,5040
what,4913
how,4866
an,4790
know,4691
people,4528
You,4324
our,4222
A,4209
no,4049
want,3923
I‚Äôm,3914
her,3830
their,3818
love,3788
or,3786
If,3764
more,3656
We,3631
been,3337
time,3334
think,3181
need,3148
My,3083
don‚Äôt,3080
now,3047
see,2965
some,2913
only,2839
really,2833
I'm,2801
because,2736
than,2628
u,2622
make,2622
good,2617
new,2607
would,2565
today,2554
she,2535
day,2494
got,2477
go,2412
am,2375
had,2365
never,2364
going,2354
after,2345
someone,2338
them,2302
over,2276
him,2226
don't,2199
back,2192
still,2156
it‚Äôs,2128
first,2118
why,2115
us,2112
being,2109
say,2089
What,2057
It,2044
even,2038
should,2008
said,1978
He,1935
there,1923
best,1910
way,1906
And,1897
Just,1862
did,1829
When,1818
then,1817
always,1790
too,1789
could,1773
So,1758
In,1745
.,1744
feel,1744
last,1740
into,1735
much,1727
right,1717
look,1716
were,1710
It‚Äôs,1685
here,1685
3,1676
take,1668
these,1658
other,1646
person,1646
2,1635
it's,1633
life,1628
ever,1616
To,1615
any,1614
Thank,1595
made,1579
Trump,1569
work,1560
most,1559
every,1558
many,1542
No,1542
Biden,1542
How,1536
help,1527
THE,1526
very,1513
They,1504
shit,1500
:,1479
years,1477
More,1469
its,1465
getting,1435
tell,1433
where,1429
t‚Ä¶,1428
It's,1417
man,1415
give,1406
vote,1406
Good,1395
@BTS_twt,1391
can‚Äôt,1369
But,1360
1,1360
please,1356
you‚Äôre,1346
you're,1344
also,1335
March,1296
im,1296
Bernie,1270
everyone,1267
thing,1260
before,1251
come,1250
off,1249
those,1248
stop,1243
better,1227
which,1215
video,1214
may,1206
doing,1204
while,1194
something,1190
it.,1187
",",1186
For,1177
happy,1164
keep,1161
live,1150
2020,1150
morning,1148
same,1140
old,1134
wanna,1134
YOU,1131
does,1130
lot,1126
gonna,1122
year,1122
a‚Ä¶,1118
New,1111
show,1109
can't,1103
things,1101
let,1101
i‚Äôm,1101
you.,1100
Me,1099
against,1092
Joe,1077
Please,1073
üòÇ,1065
real,1062
All,1060
two,1054
Why,1054
great,1053
One,1046
down,1040
fuck,1036
big,1030
hope,1030
Do,1021
since,1021
world,1017
ON,1003
4,999
On,995
Your,992
trying,992
next,983
actually,972
As,965
5,964
part,953
top,952
says,947
through,946
end,943
coronavirus,936
That,931
10,930
|,924
find,923
support,922
put,922
Love,922
@realDonaldTrump,922
Is,921
fucking,918
TO,917
saying,915
week,914
She,914
believe,912
hate,911
...,910
Super,910
IS,908
God,908
There,907
little,903
around,902
friends,899
another,889
me.,887
üó≥Ô∏è,887
Not,886
Happy,882
having,881
I‚Äôve,876
!,870
use,866
women,865
own,864
AND,860
bad,859
the‚Ä¶,852
via,848
away,841
looking,839
‚Äî,839
without,836
miss,836
follow,835
again,835
coming,835
song,834
Now,832
home,829
days,829
talk,826
hard,823
ü•∫,823
call,812
üò≠,812
y‚Äôall,807
sure,796
THIS,795
start,792
1.,791
didn‚Äôt,790
everything,790
"you,",788
Are,786
night,785
beautiful,775
well,766
tweet,765
hours,764
media,763
long,762
such,761
must,756
used,753
saw,752
heart,748
th‚Ä¶,748
Who,747
win,747
already,743
Our,742
thought,739
during,737
US,736
makes,734
?,732
hands,731
thank,727
mean,725
play,724
full,724
doesn‚Äôt,723
place,722
lol,721
read,719
until,719
girl,717
whole,716
6,715
Tuesday,714
watch,713
guy,712
left,710
each,706
7,705
hear,704
With,703
wants,703
free,700
making,696
anyone,696
@realDonaldTrump:,695
Can,694
guys,692
care,692
game,689
"me,",689
Be,686
watching,682
Sanders,680
done,673
baby,673
ass,665
maybe,665
money,663
family,663
needs,661
looks,658
cause,655
wait,652
both,651
gets,650
ur,648
between,645
different,645
name,644
IN,644
giving,644
try,642
he‚Äôs,639
Coronavirus,638
Time,637
school,636
‚ù§Ô∏è,635
anything,631
went,630
woman,624
to‚Ä¶,624
remember,623
stay,623
called,623
under,623
Follow,623
President,622
Have,621
Don't,619
2.,619
voting,619
nothing,619
post,618
music,618
friend,616
seen,616
SO,616
',615
Get,608
that‚Äôs,607
book,607
I've,605
h‚Ä¶,602
few,601
India,601
working,600
social,597
Check,597
Thanks,590
told,589
using,585
OF,583
talking,583
Let's,579
run,573
pay,571
LOVE,567
wish,566
twitter,566
birthday,565
found,564
might,564
World,561
cute,561
understand,561
i‚Ä¶,560
ready,560
together,560
#LifeChangingBook_JeeneKiRaah,559
face,558
tired,555
black,555
single,554
literally,554
FOR,553
taking,551
doesn't,550
#1,549
BTS,549
Of,549
Like,548
else,548
that's,547
virus,545
news,543
Retweet,542
enough,542
and‚Ä¶,542
once,541
I‚Äôll,541
MY,540
Oh,539
he's,539
i'm,536
took,536
feeling,535
hit,533
least,532
!!,531
sorry,530
men,529
Vote,527
country,526
entire,526
sad,525
change,524
matter,523
‚Ä¢,522
wanted,520
yet,517
month,517
bring,516
@JoeBiden,515
100,514
Today,514
thinking,513
ask,513
Twitter,512
üî•,511
came,511
People,510
Great,510
today.,509
share,509
public,508
set,506
dont,506
yourself,506
myself,503
NOT,502
story,500
Don‚Äôt,500
ben,499
asked,499
head,499
You're,498
reason,497
retweet,496
Hillary,496
nice,496
girls,494
After,493
bitch,491
Bloomberg,490
I'll,489
team,489
important,488
At,488
fight,485
funny,485
didn't,484
kids,484
@BernieSanders,484
young,483
playing,483
Filter,482
finally,482
Keep,478
kind,478
history,477
started,476
open,476
million,475
isn‚Äôt,474
Nashville,474
damn,474
lost,474
s‚Ä¶,473
group,473
health,473
d‚Ä¶,472
now.,470
due,470
candidate,469
American,464
thread,464
this.,463
That's,461
proud,461
#iHeartAwards,460
Day,460
Some,457
three,456
forget,453
Mike,453
//,452
mind,450
South,450
chance,448
eat,448
ARE,447
bit,447
Billboard,446
Democrats,444
beat,442
fans,441
send,441
hot,440
From,439
gotta,439
government,438
20,437
These,437
times,437
crying,436
house,435
high,435
Every,434
o‚Ä¶,434
pretty,433
:),431
waiting,431
Delhi,430
An,430
heard,430
white,429
behind,428
dad,427
comes,426
Here,425
soon,425
Only,425
+,424
w‚Ä¶,423
COVID-19,422
Dear,422
favorite,421
true,420
chart,420
number,420
amazing,419
close,419
checked,418
Most,418
pls,418
Hi,417
words,417
phone,417
fun,416
Song,416
seeing,416
That‚Äôs,415
@,414
First,413
wrong,412
state,411
almost,408
side,408
leave,407
8,407
NCT,407
Go,407
boy,406
kill,406
job,405
case,405
power,404
Will,402
His,402
line,401
Warren,401
@BernieSanders:,401
Look,400
ME,400
deserve,400
Top,398
IT,398
idea,396
human,395
bc,394
knows,394
account,394
photo,393
join,393
ago,393
c‚Ä¶,392
daily,391
üòÇüòÇ,391
small,391
probably,391
takes,390
Make,389
living,389
automatically,388
months,388
rest,386
Never,385
p‚Ä¶,385
able,384
Did,384
relationship,384
listen,383
üòç,383
buy,383
Even,382
Since,381
"it,",381
isn't,379
late,378
.@BTS_twt,377
shows,375
special,375
..,374
Democratic,374
toxic,374
Best,373
they‚Äôre,373
reading,372
fine,371
check,371
running,371
/,370
fake,370
sleep,369
Let,369
w,369
of‚Ä¶,368
party,368
second,368
Digital,367
WE,367
3.,366
excited,366
#KCLawardxMewGulf,365
Imagine,365
others,365
‚ÄúI,365
Watch,363
jimin,363
point,361
Clinton,361
b‚Ä¶,360
past,359
we're,359
become,359
life.,359
üòÇüòÇüòÇ,358
hand,358
@into_the_brush:,357
),357
far,357
Hey,356
thanks,356
god,356
UK,355
body,353
goes,352
that.,352
won‚Äôt,352
calling,351
hair,349
wash,348
daughter,347
Show,347
smile,346
127,346
fact,345
worst,344
followed,344
time.,343
early,343
cannot,343
worth,343
‚Äì,342
word,341
mom,341
either,341
album,340
Congratulations,340
asking,339
(,338
cry,338
sex,337
trust,337
songs,336
Texas,336
okay,335
m‚Ä¶,334
likes,334
less,334
we‚Äôre,334
Let‚Äôs,334
eyes,334
Find,332
won't,332
learn,332
won,331
moment,331
panic,331
ALL,330
Hot,330
sent,330
24,329
protect,327
continue,326
"day,",325
sick,324
@chartdata:,324
break,323
in‚Ä¶,322
answer,322
Indian,322
latest,322
cut,322
weeks,321
U,320
stand,320
BREAKING:,319
Birthday,317
move,317
Two,317
"""I",316
Album,316
meet,315
Come,315
hold,315
crazy,314
fan,314
Beto,314
means,313
ain‚Äôt,312
polling,312
biggest,312
rights,312
happens,312
gave,311
Last,310
here:,309
Black,309
knew,309
an‚Ä¶,309
hits,309
#VakeelSaab,308
him.,308
turn,308
created,308
I‚Ä¶,307
cant,306
9,306
"now,",306
questions,306
Take,305
Its,305
drop,305
wake,304
Sales,303
I‚Äôd,303
followers,302
=,302
There's,302
guess,302
ppl,302
information,302
2nd,302
May,302
dead,301
die,301
Here's,300
We're,300
nigga,300
"today,",300
based,300
across,299
polls,299
members,299
they're,299
See,298
picture,298
nobody,298
strong,298
children,298
Well,297
played,296
attacks,296
order,296
day.,296
oh,296
dog,295
up.,294
April,294
rt,294
along,294
business,294
fighting,293
future,293
@ewarren,293
YOUR,292
you!,292
food,291
f‚Ä¶,291
political,290
#BTS,290
here.,290
room,289
inside,289
telling,288
By,287
bed,287
M,287
x,287
child,287
bro,287
omg,286
happened,286
#coronavirus,285
posted,285
15,285
Join,285
class,284
lmao,284
loved,284
ht‚Ä¶,284
treat,284
sign,284
Court,284
‚úÖ,284
Y‚Äôall,283
1st,283
ok,283
half,283
act,283
lose,282
Stop,282
within,282
200303,282
supposed,281
campaign,281
Man,280
yes,280
perfect,279
couple,279
cases,279
Big,279
available,279
THAT,279
became,279
"""",279
Video,278
symptoms,278
https://t.co‚Ä¶,278
#‡∏Ñ‡∏°‡∏ä‡∏±‡∏î‡∏•‡∏∂‡∏Å‡∏≠‡∏ß‡∏≠‡∏£‡πå‡∏î‡∏Ñ‡∏£‡∏±‡πâ‡∏á‡∏ó‡∏µ‡πà16,277
instead,277
what‚Äôs,276
tornado,276
let's,276
official,276
problem,276
Another,275
train,275
Donald,275
r‚Ä¶,274
NOW,274
missing,273
college,273
save,273
tried,273
tonight,273
State,273
sit,273
version,272
definitely,272
yall,272
Because,272
tok,271
energy,271
NO,271
Mini,271
tik,270
Jimin,270
gun,270
Say,270
50,269
bitches,269
parents,269
hell,268
project,268
self,268
truly,268
again.,268
community,268
White,268
idk,267
Yes,267
them.,267
released,267
House,267
North,266
type,266
absolutely,265
n,265
happen,265
agree,265
me:,265
reaction,265
experience,265
Hope,265
middle,264
https:/‚Ä¶,264
tomorrow,264
Where,263
listening,263
level,263
deal,263
#SuperTuesday,262
yesterday,262
‚†Ä,262
Americans,261
voted,261
@billboardcharts:,261
respect,261
choice,261
later,260
na,260
met,260
He's,260
mad,260
buying,260
Hello,260
match,259
https://t‚Ä¶,259
question,259
election,259
30,259
there‚Äôs,259
boys,259
wasn‚Äôt,259
corona,259
He‚Äôs,258
pick,258
outbreak,258
reply,258
ONE,258
there's,258
https://‚Ä¶,257
test,257
üëè,257
spread,257
link,257
Her,257
17,256
Still,256
morning.,256
ü•∞,256
hurt,256
America,255
for‚Ä¶,255
office,254
spend,254
rather,254
Give,254
towards,254
control,253
situation,253
HE,253
laughing,253
https://t.co/‚Ä¶,252
IF,252
huge,251
felt,251
Corona,251
contact,251
ü§£,251
seems,251
Maybe,250
whatever,250
mother,250
PM,250
AT,250
Im,249
lead,249
Remember,249
#MIWYPastForward,249
Music,249
gay,249
UP,249
private,249
vs,248
front,248
lack,248
11,248
Police,248
babies,248
soul,247
tag,247
needed,247
Me:,246
dream,246
super,246
it!,246
https://t.‚Ä¶,246
"this,",246
given,246
speak,245
aren‚Äôt,245
Or,244
police,244
killed,244
imagine,244
#‚Ä¶,244
Dr.,243
likely,243
X1,243
including,243
spent,243
following,243
global,242
glad,242
WITH,242
DM,242
laugh,242
Read,241
event,241
loves,241
season,241
you‚Ä¶,241
too.,241
https://t.c‚Ä¶,241
You‚Äôre,241
3rd,240
till,240
ID,239
plan,239
date,239
feels,238
4.,238
people.,238
cool,238
system,238
character,237
stupid,237
Then,237
‚ú®,237
outside,237
wonder,236
#ÏõêÏûáÎ¶¥Î†àÏù¥ÏãúÏúÑÏ§ë_ÏïÑÎ¨¥ÎèÑÎßâÏßÄÎßà,236
wearing,236
Louder,235
showing,235
app,234
gone,234
son,234
comment,234
DO,233
is‚Ä¶,233
Morning,233
expecting,233
r,233
News,233
#BestMusicVideo,233
"""The",233
be‚Ä¶,232
United,232
sounds,232
gives,232
clear,231
JUST,231
voice,231
celebrate,230
out.,230
water,230
I'd,230
China,230
simple,230
brother,230
Amazon,229
exactly,229
world.,229
walk,229
chronic,228
"Seattle,",228
HOW,228
currently,228
ones,228
Lol,228
vaccine,228
this?,227
recently,227
fall,227
luck,227
meeting,227
peace,226
Instagram,226
Chris,226
contract,225
stuff,225
enjoy,225
though,225
(and,225
Party,224
leader,224
ü§î,224
establishment,224
millions,224
tweets,224
language,224
enter,224
taken,223
üëÄ,223
BE,223
üíï,223
videos,223
sing,222
judge,222
Muslims,222
#SidNaaz,221
seconds,221
primary,221
sweet,221
We‚Äôre,221
death,221
red,221
Must,220
https‚Ä¶,220
physic‚Ä¶,220
decided,220
@layulie1:,219
Any,219
himself,219
bronchitis.,219
Full,219
shot,219
president,219
longer,219
https://t.co/ewEGkLmPWy,219
that‚Ä¶,219
you'll,219
studying,218
car,218
interview,218
https:‚Ä¶,218
sound,218
East,218
race,218
debut,217
movie,217
she‚Äôs,217
minutes,217
attack,217
artist,216
:(,216
Social,216
city,216
abt,215
WHAT,215
„Äñ,215
scared,215
sharing,215
PLEASE,215
flu,215
on‚Ä¶,215
message,214
wear,214
students,214
forever,214
text,213
completely,213
@pledis_17,213
animal,213
weird,213
IM,212
#BamBam,212
tho,212
confirmed,212
About,212
mood,211
holding,211
Pete,211
rich,211
broken,211
draw,211
realize,211
Sarah,211
WHO,211
sometimes,211
ya,211
wonderful,210
summer,210
Elizabeth,209
watched,209
„Äó,209
e‚Ä¶,209
dick,209
often,209
appreciate,208
ada,208
12,208
#Master,208
!!!,208
lives,208
Up,208
Also,207
National,207
"is,",207
art,207
forgot,207
"people,",207
cover,206
htt‚Ä¶,206
Someone,206
law,206
"ago,",206
l‚Ä¶,205
crush,205
@ygofficialblink,205
sending,205
#3,205
@charliekirk11:,205
pass,205
reach,204
http‚Ä¶,204
bts,204
basically,204
boyfriend,204
let‚Äôs,204
alone,204
üíõ,203
member,203
serious,203
üòä,202
hearing,202
visit,202
local,202
2016,202
sense,202
you?,201
g‚Ä¶,201
pray,201
shit.,201
works,201
incredible,201
THEY,201
attention,201
hey,201
us.,201
Chinese,200
Everyone,200
handle,200
Daily,200
step,200
powerful,200
climate,200
drive,200
brings,200
Here‚Äôs,200
yeah,200
Korea,200
thinks,199
former,199
Which,199
near,199
Out,199
#BestLyrics,199
JIMIN,198
short,198
games,198
night.,198
NEW,197
pic,197
write,197
Lord,197
haven't,197
straight,197
website,196
eye,196
lucky,196
@YouTube,196
unfollowed,196
worked,195
known,195
Was,195
forward,194
security,194
deep,194
kalau,194
Now!,194
Tell,194
‚ù§,194
release,194
~,194
brain,194
interviewer,193
yo‚Ä¶,193
questions?,193
fo‚Ä¶,193
tells,193
choose,193
busy,193
issue,193
turned,192
Life,192
dropped,192
brand,192
Sometimes,192
Many,192
passed,192
scene,192
extra,192
taehyung,191
price,191
one.,191
report,191
@rjmxrell:,191
email,191
dumb,191
No.,191
KST,190
style,190
touch,190
üíñüíñüíñ,190
King,190
happening,190
meant,190
Listen,189
add,189
open!,189
"name,",189
career,189
piece,189
‚Äú,189
older,189
losing,188
singing,188
Muslim,188
IG,188
"i,",188
winning,188
pussy,188
Obama,188
everyday,188
dance,188
positive,188
Child,188
14,187
Nothing,187
jawab,187
artists,187
paid,187
@MaisarahMahmud:,187
trending,187
cold,187
tanya,187
U.S.,187
üá∫üá∏,186
ONLY,186
it?,186
lots,186
WILL,186
personal,185
:Battle,185
putting,185
FINISH,185
I‚ÄôLL,185
backup!,185
testing,185
Free,184
What‚Äôs,184
possible,184
Over,184
views,184
40,184
poor,184
solo,184
Lvl,184
you‚Äôve,184
https://t.co/1V41XeLqEA,184
worried,183
Hindu,183
sister,183
@justinbieber,183
2019,183
@choi_bts2:,183
missed,183
Trump.,183
LIKE,183
COLLEGE,182
war,182
#COVID19,182
episode,182
week‚Äôs,182
voters,182
üíô,182
calls,182
Live,182
streaming,182
court,182
‚ÄúThe,181
co‚Ä¶,181
she's,181
coffee,181
what's,181
officially,180
hour,180
sa,180
safe,180
retweets,180
interest,180
wife,180
killing,180
easy,180
Looks,179
@narendramodi,179
pics,179
army,179
Welcome,179
TV,179
Tweets,179
#VoteForBerni‚Ä¶,179
national,178
--,178
starting,178
acting,178
data,178
pictures,178
votes,178
"Yes,",178
favourite,177
english,177
While,177
Michael,177
student,177
üòî,177
truth,177
Democrat,177
totally,177
fast,177
kinda,176
explain,176
action,176
London,176
A‚Ä¶,176
film,176
mental,176
iTunes,176
Very,175
whose,175
focus,175
finish,175
opportunity,174
#4,174
VOTE,174
rn,174
#Î±ÄÎ±Ä,174
#FilterRuleTheChart,174
giveaway,174
broke,174
building,174
üíú,173
lil,173
y‚Ä¶,173
Greek,173
dear,173
back.,173
response,172
@cmclymer:,172
fire,172
list,172
AM,172
looked,172
cutest,172
weather,172
Ya,172
article,172
#Dont_StopOneits_Now,171
Rt,171
#‡πÅ‡∏ö‡∏°‡πÅ‡∏ö‡∏°,171
thoughts,171
supporting,171
adorable,171
tax,171
#JTMA2020,171
eating,171
Women,171
Their,171
female,171
"vote,",171
#SanookxJTMA2020,171
hi,171
rally,171
week's,171
online,170
BUT,170
Always,170
somebody,170
border,170
record,170
https://t.co/AwZErbtz6A,170
"that,",170
married,170
block,170
üôÑ,170
@abimabima:,170
https://t.co/7kUB0Lilbc,170
üíá‚Äç‚ôÇÔ∏èüå™‚ú®,170
expect,169
accept,169
way.,169
Yeah,169
pain,169
Had,169
Minister,169
feelings,169
nap,169
minute,169
Can‚Äôt,169
100%,169
Reply,169
DID,168
Buttigieg,168
reminder,168
kept,168
üôè,168
Inner,168
‚ÄúCongratulations,168
....,168
25,168
haven‚Äôt,168
Movie,167
Allah,167
paying,167
figure,167
23,167
actions,167
yoongi,167
main,167
stream,167
happiness,167
Team,167
week.,167
info,166
stan,166
update,166
y'all,166
Amy,166
company,166
Stay,166
üí•,166
risk,166
especially,166
"him,",166
"Biden,",166
interesting,165
arrived,165
years.,165
cat,165
#FilteronHOT100UK100,164
International,164
grow,164
#AsimRiaz,164
photos,164
speaking,163
Bro,163
WHY,163
fear,163
üéâ,162
becomes,162
Want,162
lady,162
area,162
return,162
you‚Äôll,162
catch,162
candidates,162
precious,162
blue,162
Need,161
Before,161
üò≠üò≠üò≠,161
wins,161
There‚Äôs,161
moving,161
"know,",160
content,160
w/,160
Congrats,160
thousands,160
üò©,160
successful,160
loving,160
shut,159
letting,159
filled,159
sexy,159
course,159
Tuesday!,159
written,159
jungkook,158
age,158
Star,158
@PawanKalyan,158
üò≥,158
becoming,158
#VoteForBernie,158
per,158
tweeted,158
Biden.,158
states,158
Animal,157
Fuck,157
"up,",157
series,157
create,157
@Rollitupk:,157
13,157
staff,157
couldn't,157
bet,157
niggas,156
her.,156
countries,156
fat,156
James,156
@x1official101,156
seem,156
is.,156
hospital,156
kiss,156
wanting,156
@gucci1017:,156
Media,156
Got,156
T‚Ä¶,156
endorsing,156
allowed,156
sold,155
girlfriend,155
Modi,155
welllllll,155
gift,155
https://t.co/P8TOjLPzDV,155
&gt;,155
willing,155
tests,155
taste,155
Matthews,155
Looking,154
added,154
BACK,154
ugly,154
High,154
occupies,154
worry,154
Supreme,154
carry,154
HAVE,153
honestly,153
W‚Ä¶,153
normal,153
stopped,153
"coronavirus,",153
brought,153
plans,153
16,153
arrested,153
Improving!,153
@imrealasim,153
bom‚Ä¶,153
tested,152
Has,152
light,152
complete,152
leaders,152
award,152
helping,152
afraid,152
fandom,152
Washington,152
quite,152
now!,152
Klobuchar,152
7.,152
Anyone,152
lie,151
@pledis_17:,151
debuts,151
accounts,151
#2,151
John,151
Being,151
store,151
policy,151
today!,151
Fans,151
born,151
spreading,151
fucked,151
good.,151
Baby,151
current,151
radio,151
space,151
shall,151
four,151
rates,151
ahead,150
supporters,150
comments,150
Korean,150
funding,150
genuinely,150
Everything,149
fell,149
"Also,",149
debate,149
[17'S,149
https://t.co/43mhNlFA8d,149
Ïø±Ïä§],149
thats,149
changed,149
"time,",149
stories,149
actual,149
SEVENTEEN!,149
ü•¥,149
walking,149
yo,149
continues,149
What's,149
@weareoneEXO,149
notice,149
Would,149
page,149
avoid,149
knowing,148
folks,148
Drop,148
themselves,148
points,148
ignore,148
country.,148
me?,148
She's,148
tf,147
n‚Ä¶,147
everybody,147
FUCKING,147
difference,147
üò≠üò≠,147
tha‚Ä¶,147
pretending,147
GET,147
died,147
whoever,147
Can't,147
Those,147
BEST,147
recent,146
dey,146
fired,146
odds,146
awesome,146
king,146
üòÖ,146
"No,",146
form,146
though.,146
soft,145
February,145
drink,145
further,145
bully,145
damage,145
o,145
adding,145
filter,145
üëá,145
@arjmxrell:,145
with.,145
selling,144
too!,144
delete,144
fully,144
Giveaway,144
drawing,144
welcome,144
finding,144
well.,144
pleasure,144
on.,144
everything.,144
upcoming,144
@BetoORourke,144
clean,144
Leo,144
GIVEAWAY,144
Trump‚Äôs,143
Pakistan,143
crossing,143
sell,143
Next,143
quick,143
turns,143
i'll,143
Sorry,143
Does,143
talks,143
#KillThisLove,143
simply,142
anymore,142
extreme,142
total,142
bought,142
greatest,142
address,142
violence,142
third,142
politics,142
right.,142
City,142
FUCK,141
S‚Ä¶,141
E,141
keeps,141
glasses,141
mark,140
all.,140
ticket,140
kid,140
task,140
wi‚Ä¶,140
offer,140
WAS,140
promise,140
spot,140
absolute,139
request,139
suddenly,139
goal,139
claim,139
weekend,139
ü§£ü§£ü§£,139
below,139
Iran,139
LOOK,139
CDC,139
200,139
provide,138
fellow,138
namjoon,138
Carolina,138
N,138
whether,138
received,138
6th,138
Chart,138
HIS,138
Zone,137
are‚Ä¶,137
coronavirus.,137
announced,137
starts,137
skin,137
player,137
Dream,137
Holy,137
puts,137
track,137
you've,137
BOOM,137
march,137
2013,137
Q.,136
hurts,136
charge,136
Ever,136
yourself.,136
he‚Ä¶,136
shop,136
with‚Ä¶,136
stage,135
mf,135
@‚Ä¶,135
Health,135
federal,135
interested,135
"here,",135
service,135
Book,135
#Î∞©ÌÉÑÏÜåÎÖÑÎã®,135
boss,135
right?,135
2008,135
numbers,135
role,134
Special,134
ITS,134
Official,134
problems,134
Johnson,134
emergency,134
Megan,134
woke,134
#‡∏Ñ‡∏°‡∏ä‡∏±‡∏î‡∏•‡∏∂‡∏Å‡∏≠‡∏ß‡∏≠‡∏£‡πå‡∏î‡∏Ñ‡∏£‡∏±‡πâ‡∏á‡∏ó‡∏µ‡πà16xMG,134
‚ô•Ô∏è,134
YouTube,133
Turkish,133
billboard,133
@GOT7Official,133
five,133
worse,133
ko,133
bottom,133
clearly,133
major,133
comfort,133
press,133
opinion,133
Friday,133
more.,133
Virgo,133
spoke,133
Justice,133
random,133
fracking,132
Tweeted,132
players,132
Am,132
@RealJamesWoods:,132
dude,132
deserves,132
build,132
so‚Ä¶,132
weak,132
work.,132
low,131
paper,131
OUT,131
Tag,131
held,131
Sid,131
insane,131
harder,131
T,131
Tommy,131
industry,131
medical,131
Ji,131
sexual,130
double,130
lovely,130
signed,130
cock,130
attractive,130
Could,130
Oklahoma:,130
-‚Ä¶,130
Petroleum,130
@SB19Official,130
prayers,130
joke,129
4th,129
there.,129
Syrian,129
Earth,129
standing,129
ends,129
card,129
arbitrary,129
Bad,129
study,129
"week,",129
Red,129
key,129
knowledge,129
pipelines.,129
memories,129
tryna,129
Human,129
‚Äúanything‚Äù,128
obsessed,128
do.,128
star,128
places,128
several,128
mine,128
decide,128
Jungkook,128
em,128
Neo,128
husband,128
rate,128
common,128
‚ô°,128
events,128
beauty,128
aren't,128
tickets,127
We've,127
famous,127
billion,127
travel,127
"out,",127
"drilling,",127
screaming,127
SEE,127
above,127
Should,127
6pm,127
üö®,127
code,127
The‚Ä¶,126
me!,126
hug,126
popular,126
Real,126
floor,126
announce,126
affected,126
@DanAndShay,126
receive,126
deeper,126
deleted,126
tonight.,126
"""You",126
endorse,126
mention,126
wasn't,125
trailer,125
it‚Ä¶,125
locked,125
üòé,125
GOOD,125
reached,125
"So,",125
"""I'm",125
Followers,125
Cancer,125
trend,125
Today's,125
experts,125
OK,125
Back,125
tension,125
dark,125
Once,124
cast,124
unless,124
rid,124
Same,124
Republican,124
clip,124
Jesus,124
#LoseYouToLoveMe,124
effort,124
forced,124
DAY,124
Federal,124
BBC,124
San,124
closed,124
ka,124
Graduate,124
Coronavirus:,124
Global,124
surprise,124
okay.,124
#Valimai,123
we‚Ä¶,123
suck,123
Boy,123
showed,123
round,123
greeting,123
touched,123
ain't,123
marriage,123
beyond,123
Awards,123
details,123
dating,123
stressful,123
@sidharth_shukla,123
RETWEET,123
better.,123
O,123
we'll,123
blood,122
blame,122
ice,122
writing,122
administration,122
brave,122
credit,122
Young,122
success,122
FREE,122
dresses,122
who‚Äôs,122
hashtag,122
British,122
Okay,122
doubt,122
Pls,122
general,122
Tennessee,122
uses,122
Ok,122
@SVC_official,122
üëç,122
father,121
Feel,121
"disenfranchised,",121
restored.,121
WORLD,121
Really,121
donated,121
https://t.co/9q7735PRc8,121
comfortable,121
access,121
Sagittarius,121
moments,121
plus,121
destroy,121
natural,121
remind,121
@gmzdanna:,121
tiny,121
undoc‚Ä¶,121
count,121
OMG,121
can't‚Äî,121
Dems,121
Use,121
York,121
OUR,121
Soul:,121
sir,121
concert,120
linguistics,120
higher,120
trash,120
üòâ,120
Senate,120
whenever,120
expected,120
"morning,",120
tl,120
chat,120
cuz,120
üòò,120
marry,120
surprised,120
EU,120
"them,",120
@MusicThaman,120
leaving,120
treated,120
Aries,120
prescriptivist,119
#NCTDREAM,119
keeping,119
üòÅ,119
washing,119
Title,119
camera,119
grammars,119
force,119
market,119
kisses,119
"on,",119
Congress,119
seriously,119
@catsqvad:,119
smoke,119
üíî,119
Wanna,119
learned,119
released.,118
Republicans,118
si‚Ä¶,118
tornadoes,118
wont,118
bank,118
go‚Ä¶,118
Bank,118
dramatic,118
Girl,118
allow,118
empty,118
mouth,118
Capricorn,118
#ResponsiblePakistan,118
USA,118
Miss,117
wrote,117
"""We",117
ha‚Ä¶,117
&lt;3,117
reality,117
usually,117
lets,117
Monday,117
bless,117
Under,117
#SidharthShukla,117
day!,116
#NCT,116
accomplish,116
illegal,116
mess,116
healthcare,116
handsome,116
list.,116
daddy,116
;,116
fr,116
caught,116
recover,116
West,116
120,116
Nobody,116
anime,116
#PSPK26,116
in:,116
Nintendo,116
cost,115
posts,115
pop,115
"3,",115
shoot,115
University,115
design,115
ways,115
granted,115
MV,115
named,115
y...,115
texts,115
Central,115
Tahir,115
Right,115
launch,115
Department,115
according,115
üíØ,115
reported,114
international,114
massive,114
wouldn't,114
Mark,114
Kick,114
"sweat,",114
Omg,114
"sad,",114
LOGAN,114
path,114
de,114
spotlight,114
dm,114
Turkey,114
vlive,114
unhealthy,114
st‚Ä¶,114
Prime,114
CEO,114
consider,113
MANY),113
gain,113
@RealHughJackman:,113
Biden:,113
Saint,113
Pisces,113
NC,113
Japan,113
bag,113
Rampal,113
love.,113
Boris,113
"Tuesday,",113
KNOW,113
sudden,113
asleep,113
sitting,113
romantic,113
leading,113
evening,113
pedestrian,113
amount,113
Kim,113
final,113
100:,113
steamed‚Ä¶,113
view,113
#Hot100,112
generation,112
corporate,112
Way,112
wild,112
ji,112
crisis,112
easily,112
didnt,112
Lmao,112
League,112
winner,112
process,112
Been,112
@TomFitton:,112
patients,112
man.,112
issues,112
conflict,111
GOD,111
AS,111
X,111
"Well,",111
Trump's,111
Asian,111
ordering,111
patient,111
challenge,111
partner,111
MARCH,111
clingy,111
discuss,111
gta,111
rock,111
couldn‚Äôt,111
supported,111
@BayViewProjOffl,110
Spotify,110
authority,110
bringing,110
Guys,110
Air,110
friends.,110
Such,110
names,110
dancing,110
Lmaoo,110
Election,110
We'll,110
#VisibleWomen,110
advice,110
bout,110
twice.,110
"everyone,",109
officials,109
throw,109
Post,109
club,109
States,109
ZONE,109
nearly,109
Apple,109
schedule,109
#GOT7,109
related,109
difficult,109
wouldn‚Äôt,109
Men,109
shy,109
#SriramVenu,109
twice,108
posting,108
presidential,108
@NCTsmtown_127:,108
but‚Ä¶,108
üòà,108
conversation,108
tweeting,108
"well,",108
door,108
Greece,108
Pence,108
this‚Ä¶,108
Heart,108
setting,108
do‚Ä¶,108
Home,108
doing.,107
OLD,107
title,107
5th,107
Queen,107
üèÜ,107
at‚Ä¶,107
Nice,107
2020.,107
YOURE,107
dirty,107
WHEN,107
Fake,107
It),107
minds,107
School,107
NEO,107
fix,107
??,107
18,107
VA,107
impact,107
GO,107
finished,107
B,107
@BTSChartDaily:,107
MUCH,107
@califortia:,107
swear,107
*,106
animals,106
#TREASURE,106
correspond,106
turning,106
"7,",106
1),106
bridesmaids,106
spending,106
comeback,106
ÏòÅÏõÖ,106
sales,106
progressive,106
@rahm3sh:,106
donate,106
MORE,106
"Hi,",106
pull,106
rout...,106
CAN,106
research,106
fuckin,106
i‚Äôve,106
(Ëã±ÈõÑ;,106
"sec,",106
pushing,106
learning,106
@xscisci:,106
dressed,106
HD,106
MOTS:,106
Part,105
@mitchellvii:,105
#JacSim,105
jealous,105
Self,105
English,105
Getting,105
#5,105
waste,105
#SooraraiPottru,105
highest,105
UN,105
movement,104
dying,104
HAPPY,104
CA,104
Glad,104
Game,104
happiness.,104
site,104
upset,104
training,104
letter,104
Help,104
Sunday,104
bigger,104
Nashville.,104
Lady,104
pulled,104
@Asli_Jacqueline,103
fresh,103
Zoom,103
liked,103
tears,103
#MORHot10,103
speech,103
quality,103
@waltshaub:,103
reports,103
changing,103
taught,103
cares,103
pizza,103
breaking,103
Going,103
#SB19BBSocialTop10,103
Week,103
among,103
earlier,103
stress,103
teach,103
Wow,102
Hong,102
Know,102
books,102
Former,102
https://t.co/6UtXBu1ecB,102
"night,",102
@into_the_brush,102
DISCOVERY,102
evil,102
vid,102
enjoying,102
outstanding,102
@purplepizza18:,102
Sir,102
year.,102
emotional,102
soon.,102
@JenMonnier:,102
lying,102
trump,102
Call,102
Mr,102
#,102
u‚Ä¶,102
lmaoooüòÇ,102
forehead,102
foreign,102
re‚Ä¶,102
this!,101
Too,101
result,101
"man,",101
500,101
d,101
"years,",101
Enjoy,101
tweet.,101
sun,101
Thursday,101
falling,101
üòÜ,101
Switch,101
town,101
Amazing,101
jobs,101
refreshing,101
@narendramodi:,101
tv,101
iconic,101
California,101
@PeteButtigieg,101
R‚Ä¶,101
none,100
planning,100
road,100
eager,100
"shit,",100
decision,100
smart,100
grew,100
certain,100
TN,100
sleeping,100
dollars,100
County,100
"yes,",100
#BoyWithLuv,100
not.,100
removed,100
"again,",100
Women's,100
ground,100
üé¨Music,100
efforts,100
large,100
LIVE,100
ago.,100
land,100
Think,100
aware,100
quote,100
deposed,100
your‚Ä¶,100
